[
    {
        "name": "Asciify",
        "description": "Convert any image into ASCII Art.",
        "image": [
            "https://pbs.twimg.com/profile_images/689335847427047425/6cpRle0x.jpg"
        ],
        "author": "Ramesh Aditya",
        "skills": [
            "Python",
        ]
    },
  {
        "name": "Wey",
        "description": "Fast open source Slack desktop app, written in Node.js with native UI powered by the Yue library.",
        "image": [
            "https://user-images.githubusercontent.com/639601/38463105-97644cc4-3b2d-11e8-97a1-6cdb451ae3a8.png"
        ],
        "author": "Yue",
        "skills": [
            "Node.js",
            "Javascript",
        ]
    }
  {
        "name": "Fun Project",
        "description": "Ipsum Dolor",
        "image": [
            "https://cdn.pixabay.com/photo/2016/12/13/05/15/puppy-1903313__340.jpg"
        ],
        "author": "Marko",
        "skills": [
            "Python",
            "React",
            "Firebase"
        ]
    },
    {
        "name": "Fun Project 2",
        "description": "Ipsum Dolor 2",
        "image": [
            "https://cdn.pixabay.com/photo/2016/12/13/05/15/puppy-1903313__340.jpg"
        ],
        "author": "Anthony",
        "skills": [
            "Python",
            "React",
            "Machine Learning"
        ]
    }
]